id,pitcher,date,rel_speed,horz_break,induced_vert_break,original_pitch_type,new_pitch_type,new_pitcher,modified_at,pitch_key,created_at,PitchNo,Date,Time,PAofInning,PitchofPA,Pitcher,PitcherId,PitcherThrows,PitcherTeam,Batter,BatterId,BatterSide,BatterTeam,PitcherSet,Inning,Top/Bottom,Outs,Balls,Strikes,TaggedPitchType,AutoPitchType,PitchCall,KorBB,TaggedHitType,PlayResult,OutsOnPlay,RunsScored,Notes,RelSpeed,VertRelAngle,HorzRelAngle,SpinRate,SpinAxis,Tilt,RelHeight,RelSide,Extension,VertBreak,InducedVertBreak,HorzBreak,PlateLocHeight,PlateLocSide,ZoneSpeed,VertApprAngle,HorzApprAngle,ZoneTime,ExitSpeed,Angle,Direction,HitSpinRate,PositionAt110X,PositionAt110Y,PositionAt110Z,Distance,LastTrackedDistance,Bearing,HangTime,pfxx,pfxz,x0,y0,z0,vx0,vy0,vz0,ax0,ay0,az0,HomeTeam,AwayTeam,Stadium,Level,League,GameID,PitchUID,EffectiveVelo,MaxHeight,MeasuredDuration,SpeedDrop,PitchLastMeasuredX,PitchLastMeasuredY,PitchLastMeasuredZ,ContactPositionX,ContactPositionY,ContactPositionZ,GameUID,UTCDate,UTCTime,LocalDateTime,UTCDateTime,AutoHitType,System,HomeTeamForeignID,AwayTeamForeignID,GameForeignID,Catcher,CatcherId,CatcherThrows,CatcherTeam,PlayID,PitchTrajectoryXc0,PitchTrajectoryXc1,PitchTrajectoryXc2,PitchTrajectoryYc0,PitchTrajectoryYc1,PitchTrajectoryYc2,PitchTrajectoryZc0,PitchTrajectoryZc1,PitchTrajectoryZc2,HitSpinAxis,HitTrajectoryXc0,HitTrajectoryXc1,HitTrajectoryXc2,HitTrajectoryXc3,HitTrajectoryXc4,HitTrajectoryXc5,HitTrajectoryXc6,HitTrajectoryXc7,HitTrajectoryXc8,HitTrajectoryYc0,HitTrajectoryYc1,HitTrajectoryYc2,HitTrajectoryYc3,HitTrajectoryYc4,HitTrajectoryYc5,HitTrajectoryYc6,HitTrajectoryYc7,HitTrajectoryYc8,HitTrajectoryZc0,HitTrajectoryZc1,HitTrajectoryZc2,HitTrajectoryZc3,HitTrajectoryZc4,HitTrajectoryZc5,HitTrajectoryZc6,HitTrajectoryZc7,HitTrajectoryZc8,ThrowSpeed,PopTime,ExchangeTime,TimeToBase,CatchPositionX,CatchPositionY,CatchPositionZ,ThrowPositionX,ThrowPositionY,ThrowPositionZ,BasePositionX,BasePositionY,BasePositionZ,ThrowTrajectoryXc0,ThrowTrajectoryXc1,ThrowTrajectoryXc2,ThrowTrajectoryYc0,ThrowTrajectoryYc1,ThrowTrajectoryYc2,ThrowTrajectoryZc0,ThrowTrajectoryZc1,ThrowTrajectoryZc2,PitchReleaseConfidence,PitchLocationConfidence,PitchMovementConfidence,HitLaunchConfidence,HitLandingConfidence,CatcherThrowCatchConfidence,CatcherThrowReleaseConfidence,CatcherThrowLocationConfidence,SpinAxis3dTransverseAngle,SpinAxis3dLongitudinalAngle,SpinAxis3dActiveSpinRate,SpinAxis3dSpinEfficiency,SpinAxis3dTilt,SpinAxis3dVectorX,SpinAxis3dVectorY,SpinAxis3dVectorZ,SpinAxis3dSeamOrientationRotationX,SpinAxis3dSeamOrientationRotationY,SpinAxis3dSeamOrientationRotationZ,SpinAxis3dSeamOrientationBallYAmb1,SpinAxis3dSeamOrientationBallAngleHorizontalAmb1,SpinAxis3dSeamOrientationBallZAmb1,SpinAxis3dSeamOrientationBallAngleVerticalAmb2,SpinAxis3dSeamOrientationBallZAmb2,SpinAxis3dSeamOrientationBallXAmb4,SpinAxis3dSeamOrientationBallYAmb4,SpinAxis3dSeamOrientationBallAngleHorizontalAmb2,SpinAxis3dSeamOrientationBallAngleVerticalAmb1,SpinAxis3dSeamOrientationBallXAmb1,SpinAxis3dSeamOrientationBallYAmb2,SpinAxis3dSeamOrientationBallAngleHorizontalAmb4,SpinAxis3dSeamOrientationBallAngleVerticalAmb4,SpinAxis3dSeamOrientationBallXAmb2,SpinAxis3dSeamOrientationBallAngleVerticalAmb3,SpinAxis3dSeamOrientationBallAngleHorizontalAmb3,SpinAxis3dSeamOrientationBallXAmb3,SpinAxis3dSeamOrientationBallYAmb3,SpinAxis3dSeamOrientationBallZAmb3,SpinAxis3dSeamOrientationBallZAmb4
NA,NA,NA,NA,NA,NA,NA,NA,NA,NA,NA,NA,5,2025-10-18,11:58:11,1,5,"Robb, Nicholas",822851,Right,GRA_CAN,"Bianchina, Vince",812437,Left,GRA_CAN,Undefined,1,Top,0,2,2,Sweeper,Slider,InPlay,Undefined,Popup,Out,1,0,NA,81.67194,-0.717725,-1.63975,2607.010053,106.532999,09:30:00,6.17122,1.99167,5.53699,-37.85325,5.02646,-12.01347,2.34563,-0.54251,74.4063,-7.669262,-3.781999,0.4713,82.59337,57.406274,20.432376,NA,104.07742,137.60437,35.60715,209.81422,209.28592,18.896705,5.998547,5.60803,3.15933,-1.84102,50,6.08382,3.86874,-118.45532,-2.75449,7.87543,25.08618,-27.73736,GRA_CAN,GRA_CAN,BrazellField,TeamExclusive,Team,20251018-BrazellField-Private-1,65435ff0-ac54-11f0-aabc-cd59143e66a4,79.97549,138.87533,NA,7.26564,NA,NA,NA,2.34077,2.48808,0.43061,eda8e3ec-2c6f-440b-800e-e49117f41809,2025-10-18,18:58:11,2025-10-18T18:58:11Z,2025-10-18T18:58:11Z,FlyBall,v3,5310,5310,NA,"Galvan, Marcus",821906,Right,GRA_CAN,351d89bb-02f1-4a75-9000-6c5ca8744027,54.96204,-119.50155,12.54309,6.17457,-1.5977,-13.86868,-1.99552,3.54029,3.93771,177.010126,2.33773,61.16121,-16.33194,4.74469,-0.82315,0.03476,0.01829,-0.0036,2e-4,2.45251,102.66692,-25.01495,4.80576,-2.22884,0.75373,-0.14724,0.01473,-5.8e-4,0.42758,22.81684,-7.27285,2.39814,-0.54676,0.07921,-0.00456,-2.9e-4,4e-5,NA,NA,NA,NA,NA,NA,NA,NA,NA,NA,NA,NA,NA,NA,NA,NA,NA,NA,NA,NA,NA,NA,High,High,High,High,Medium,NA,NA,NA,51.606769,68.321851,963.009651,0.369392,07:45:00,-0.925881,0.277854,0.256012,25.221543,25.312195,60.350214,-0.911487,132.07468,-0.275631,-17.777301,0.275631,-0.305318,0.911487,73.174832,-65.711648,0.305318,-0.305318,-132.07468,65.711648,0.911487,17.777301,-73.174832,-0.911487,0.305318,0.275631,-0.275631
NA,NA,NA,NA,NA,NA,NA,NA,NA,NA,NA,NA,164,2025-10-18,13:25:35,2,3,"McGuire, Tommy",1000242452,Right,GRA_CAN,"Alexander, Aspen",1000342226,Right,GRA_CAN,Undefined,5,Bottom,0,0,2,Curveball,Curveball,InPlay,Undefined,FlyBall,HomeRun,0,1,NA,77.7321,0.114719,0.57632,2343.707452,60.272054,08:00:00,6.27331,0.80968,5.41115,-49.06802,-2.29488,-6.41815,2.29179,0.81479,71.98439,-8.794035,-0.568006,0.492232,101.75588,28.178884,-27.142484,2025.395891,94.78009,50.87,-55.82717,380.26655,314.66439,-36.929392,4.456743,3.41551,-0.85161,-0.85619,50,6.24868,-0.89406,-112.98559,-1.41781,4.43633,19.65865,-33.2802,GRA_CAN,GRA_CAN,BrazellField,TeamExclusive,Team,20251018-BrazellField-Private-1,9abe0e30-ac60-11f0-aabc-cd59143e66a4,76.57455,69.4142,NA,5.74771,NA,NA,NA,2.50783,2.47735,-0.76839,eda8e3ec-2c6f-440b-800e-e49117f41809,2025-10-18,20:25:35,2025-10-18T20:25:35Z,2025-10-18T20:25:35Z,FlyBall,v3,5310,5310,NA,"Perez, Jaime",1000122545,Right,GRA_CAN,6b8ce147-cd3e-4565-86f6-8ea55bcf34cd,55.09084,-113.86791,9.82932,6.2788,0.07587,-16.6401,-0.81159,-1.09317,2.21817,126.221654,2.48065,117.68799,-27.42739,11.86457,-6.36256,2.68123,-0.69799,0.09633,-0.00531,2.47119,70.62525,-22.24109,3.16194,-1.41878,0.62985,-0.1704,0.02468,-0.00147,-0.77175,-59.95139,-0.41224,2.33099,-1.01351,0.24353,-0.02332,-0.00194,4.1e-4,NA,NA,NA,NA,NA,NA,NA,NA,NA,NA,NA,NA,NA,NA,NA,NA,NA,NA,NA,NA,NA,NA,High,High,High,High,Medium,NA,NA,NA,24.564594,62.447285,1084.115893,0.462565,06:45:00,-0.890386,0.194072,0.411764,54.50795,-1.172147,-66.787476,0.520723,174.208326,-0.849367,4.94221,0.849367,-0.086151,-0.520723,31.511301,31.380795,0.086151,0.086151,-174.208326,-31.380795,0.520723,-4.94221,-31.511301,-0.520723,-0.086151,0.849367,-0.849367
NA,NA,NA,NA,NA,NA,NA,NA,NA,NA,NA,NA,183,2025-10-18,13:37:09,3,1,"Guerrero, JT",833476,Right,GRA_CAN,"Charles, Max",807283,Left,GRA_CAN,Undefined,6,Top,1,0,0,Cutter,Slider,BallCalled,Undefined,Undefined,Undefined,0,0,NA,80.69438,0.667255,-2.477698,2510.083323,90.40818,09:00:00,5.71507,1.7734,5.36001,-42.09081,1.23996,-7.9802,2.83384,-1.21657,74.92265,-6.976849,-3.893979,0.473772,NA,NA,NA,NA,NA,NA,NA,NA,NA,NA,NA,3.39792,0.84665,-1.54488,50,5.74498,5.39416,-117.20553,-0.1095,4.78162,19.73744,-30.98263,GRA_CAN,GRA_CAN,BrazellField,TeamExclusive,Team,20251018-BrazellField-Private-1,38bbf560-ac62-11f0-aabc-cd59143e66a4,79.55814,NA,NA,5.77174,NA,NA,NA,NA,NA,NA,eda8e3ec-2c6f-440b-800e-e49117f41809,2025-10-18,20:37:09,2025-10-18T20:37:09Z,2025-10-18T20:37:09Z,NA,v3,5310,5310,NA,"Galvan, Marcus",821906,Right,GRA_CAN,ee24b458-7988-480e-acc3-4b38657d5615,55.14046,-118.06801,9.86872,5.72019,1.24437,-15.49132,-1.77602,5.18522,2.39081,NA,NA,NA,NA,NA,NA,NA,NA,NA,NA,NA,NA,NA,NA,NA,NA,NA,NA,NA,NA,NA,NA,NA,NA,NA,NA,NA,NA,NA,NA,NA,NA,NA,NA,NA,NA,NA,NA,NA,NA,NA,NA,NA,NA,NA,NA,NA,NA,NA,NA,High,High,High,NA,NA,NA,NA,NA,36.158222,73.774132,701.379107,0.279425,07:15:00,-0.947534,0.176036,0.266817,14.93466,53.255767,27.048498,-0.451294,131.238049,-0.588244,-42.147842,0.588244,-0.671046,0.451294,37.495019,-26.826748,0.671046,-0.671046,-131.238049,26.826748,0.451294,42.147842,-37.495019,-0.451294,0.671046,0.588244,-0.588244
NA,NA,NA,NA,NA,NA,NA,NA,NA,NA,NA,NA,213,2025-10-18,13:52:48,1,1,"Higginbottom, Elijah",830834,Right,GRA_CAN,"Matranga, Austin",1000303758,Right,GRA_CAN,Undefined,7,Top,0,0,0,Sinker,Sinker,BallCalled,Undefined,Undefined,Undefined,0,0,NA,90.27992,-1.554235,-2.007564,1927.077139,250.315979,02:15:00,5.2004,1.79564,6.01718,-26.92962,7.40241,17.48048,1.51535,1.39198,82.23353,-6.572613,1.139508,0.421717,NA,NA,NA,NA,NA,NA,NA,NA,NA,NA,NA,-9.53024,4.62922,-1.64736,50,5.064,3.84175,-131.02216,-4.46907,-16.45578,29.41182,-24.18082,GRA_CAN,GRA_CAN,BrazellField,TeamExclusive,Team,20251018-BrazellField-Private-1,684cdc20-ac64-11f0-aabc-cd59143e66a4,89.37852,NA,NA,8.04639,NA,NA,NA,NA,NA,NA,eda8e3ec-2c6f-440b-800e-e49117f41809,2025-10-18,20:52:48,2025-10-18T20:52:48Z,2025-10-18T20:52:48Z,NA,v3,5310,5310,NA,"Aaron, Parker",10308979,Right,GRA_CAN,24e85f2a-8a70-4261-ba59-6106b77b7e15,54.48095,-132.02421,14.70591,5.20223,-3.64524,-12.09041,-1.7878,4.40239,-8.22789,NA,NA,NA,NA,NA,NA,NA,NA,NA,NA,NA,NA,NA,NA,NA,NA,NA,NA,NA,NA,NA,NA,NA,NA,NA,NA,NA,NA,NA,NA,NA,NA,NA,NA,NA,NA,NA,NA,NA,NA,NA,NA,NA,NA,NA,NA,NA,NA,NA,NA,High,High,High,NA,NA,NA,NA,NA,227.264457,16.059416,1851.873609,0.960975,01:30:00,-0.280075,-0.713074,-0.642716,-106.387754,-27.114716,-59.556173,0.925535,160.22148,-0.356324,7.36176,0.356324,-0.128134,-0.925535,68.943661,67.749152,0.128134,0.128134,-160.22148,-67.749152,0.925535,-7.36176,-68.943661,-0.925535,-0.128134,0.356324,-0.356324
NA,NA,NA,NA,NA,NA,NA,NA,NA,NA,NA,NA,214,2025-10-18,13:53:03,1,2,"Higginbottom, Elijah",830834,Right,GRA_CAN,"Matranga, Austin",1000303758,Right,GRA_CAN,Undefined,7,Top,0,1,0,FourSeamFastBall,Sinker,FoulBallNotFieldable,Undefined,Undefined,Undefined,0,0,NA,91.06232,-1.171485,-3.293577,1997.031225,229.514687,01:45:00,5.12617,1.64628,6.19566,-20.07017,13.43174,14.43115,2.37022,-0.19504,82.84173,-4.976096,-0.693228,0.416588,74.50652,68.798114,-79.126922,4815.761332,NA,NA,NA,NA,21.36078,NA,NA,-8.47107,7.63319,-1.40545,50,5.02773,7.01126,-132.11487,-3.31481,-14.8965,29.47301,-18.75095,GRA_CAN,GRA_CAN,BrazellField,TeamExclusive,Team,20251018-BrazellField-Private-1,71248050-ac64-11f0-aabc-cd59143e66a4,90.47902,50.0437,NA,8.2206,NA,NA,NA,1.75676,2.15993,0.24922,eda8e3ec-2c6f-440b-800e-e49117f41809,2025-10-18,20:53:03,2025-10-18T20:53:03Z,2025-10-18T20:53:03Z,NA,v3,5310,5310,NA,"Aaron, Parker",10308979,Right,GRA_CAN,8216435b-11fe-41a7-8c20-9870addb1665,54.30376,-133.07151,14.7365,5.12544,-2.70618,-9.37548,-1.64087,7.49477,-7.44825,156.356661,1.75676,7.45487,-6.77129,2.05974,-0.50735,0.12203,-0.02986,0.00697,-0.00116,2.15993,101.87937,-29.84033,4.03084,-0.87701,0.18218,-0.04281,0.01078,-0.00224,0.24922,-38.81077,0.76022,0.39001,-0.16546,0.04853,-0.01291,0.00332,-5.6e-4,NA,NA,NA,NA,NA,NA,NA,NA,NA,NA,NA,NA,NA,NA,NA,NA,NA,NA,NA,NA,NA,NA,High,High,High,High,Undefined,NA,NA,NA,226.309888,11.229162,1958.800393,0.980856,01:30:00,-0.218821,-0.713077,-0.666062,-101.153268,-26.943911,-66.937378,0.929002,146.034898,-0.306932,11.932344,0.306932,-0.206757,-0.929002,71.716998,68.279744,0.206757,0.206757,-146.034898,-68.279744,0.929002,-11.932344,-71.716998,-0.929002,-0.206757,0.306932,-0.306932
NA,NA,NA,NA,NA,NA,NA,NA,NA,NA,NA,NA,215,2025-10-18,13:53:24,1,3,"Higginbottom, Elijah",830834,Right,GRA_CAN,"Matranga, Austin",1000303758,Right,GRA_CAN,Undefined,7,Top,0,1,1,FourSeamFastBall,Four-Seam,FoulBallNotFieldable,Undefined,Undefined,Undefined,0,0,NA,92.7455,-2.045081,-2.479152,2154.692124,222.569361,01:30:00,5.33298,1.4045,5.87681,-17.96812,14.82753,12.58316,1.93369,0.14915,84.13833,-5.448917,-0.222886,0.412173,71.66076,26.401257,-152.339477,2410.211739,NA,NA,NA,NA,48.23131,NA,NA,-7.19193,8.53693,-1.2114,50,5.15722,5.26647,-134.45981,-5.375,-13.05824,31.39435,-16.67367,GRA_CAN,GRA_CAN,BrazellField,TeamExclusive,Team,20251018-BrazellField-Private-1,7dccdb90-ac64-11f0-aabc-cd59143e66a4,91.4481,19.93041,NA,8.60717,NA,NA,NA,1.25595,1.81226,-0.09734,eda8e3ec-2c6f-440b-800e-e49117f41809,2025-10-18,20:53:24,2025-10-18T20:53:24Z,2025-10-18T20:53:24Z,NA,v3,5310,5310,NA,"Aaron, Parker",10308979,Right,GRA_CAN,9386eab2-85d4-4378-850a-5c34e63c1bdf,54.62126,-135.53451,15.69718,5.33145,-4.8042299999999996,-8.33684,-1.39933,5.71349,-6.52912,32.741328,1.25595,-83.38137,4.64075,0.68773,-0.29105,0.10798,-0.02,4.6e-4,0.00134,1.81226,46.73423,-26.53778,3.28615,-0.70022,0.13585,-0.02227,0.00462,-5.7e-4,-0.09734,-43.70294,7.47856,-1.37823,0.29351,-0.04469,0.00843,-0.00308,8.6e-4,NA,NA,NA,NA,NA,NA,NA,NA,NA,NA,NA,NA,NA,NA,NA,NA,NA,NA,NA,NA,NA,NA,High,High,High,High,Undefined,NA,NA,NA,217.277997,19.775801,2027.616467,0.941024,01:15:00,-0.349877,-0.581673,-0.734331,2.178189,23.186727,86.404996,-0.277674,164.017258,-0.92354,-15.338424,0.92354,-0.26452,0.277674,16.734059,-16.121421,0.26452,-0.26452,-164.017258,16.121421,0.277674,15.338424,-16.734059,-0.277674,0.26452,0.92354,-0.92354
NA,NA,NA,NA,NA,NA,NA,NA,NA,NA,NA,NA,216,2025-10-18,13:53:44,1,4,"Higginbottom, Elijah",830834,Right,GRA_CAN,"Matranga, Austin",1000303758,Right,GRA_CAN,Undefined,7,Top,0,1,2,Sweeper,Slider,BallCalled,Undefined,Undefined,Undefined,0,0,NA,79.57507,0.575786,-2.029072,2535.818927,95.003352,09:15:00,5.1954,1.81371,5.40616,-42.50896,3.16862,-17.75725,2.19284,-1.56802,72.09621,-7.220292,-5.183156,0.486433,NA,NA,NA,NA,NA,NA,NA,NA,NA,NA,NA,8.3665,1.79551,-1.61977,50,5.21698,4.78091,-115.32041,-0.26009,11.06111,25.09452,-29.80023,GRA_CAN,GRA_CAN,BrazellField,TeamExclusive,Team,20251018-BrazellField-Private-1,89b87680-ac64-11f0-aabc-cd59143e66a4,77.48742,NA,NA,7.47886,NA,NA,NA,NA,NA,NA,eda8e3ec-2c6f-440b-800e-e49117f41809,2025-10-18,20:53:44,2025-10-18T20:53:44Z,2025-10-18T20:53:44Z,NA,v3,5310,5310,NA,"Aaron, Parker",10308979,Right,GRA_CAN,a73327bd-5e2f-4cfe-aad9-5c1a518c8bf3,55.0935,-116.42351,12.54726,5.19962,1.04987,-14.90012,-1.81924,4.29468,5.53055,NA,NA,NA,NA,NA,NA,NA,NA,NA,NA,NA,NA,NA,NA,NA,NA,NA,NA,NA,NA,NA,NA,NA,NA,NA,NA,NA,NA,NA,NA,NA,NA,NA,NA,NA,NA,NA,NA,NA,NA,NA,NA,NA,NA,NA,NA,NA,NA,NA,NA,High,High,High,NA,NA,NA,NA,NA,56.963585,68.61656,924.579043,0.364608,08:00:00,-0.920423,0.315001,0.231508,8.903642,-1.31213,18.077577,-0.771864,104.180099,-0.155749,-38.054823,0.155749,-0.616415,0.771864,78.591862,-50.521597,0.616415,-0.616415,-104.180099,50.521597,0.771864,38.054823,-78.591862,-0.771864,0.616415,0.155749,-0.155749
NA,NA,NA,NA,NA,NA,NA,NA,NA,NA,NA,NA,217,2025-10-18,13:54:05,1,5,"Higginbottom, Elijah",830834,Right,GRA_CAN,"Matranga, Austin",1000303758,Right,GRA_CAN,Undefined,7,Top,0,2,2,FourSeamFastBall,Four-Seam,BallCalled,Undefined,Undefined,Undefined,0,0,NA,92.63267,0.677674,-2.558683,2041.292668,220.79201,01:15:00,5.3836,1.33642,5.7866,-19.99808,12.89036,10.18371,4.34821,-0.19692,84.00039,-3.0932,-0.737148,0.412756,NA,NA,NA,NA,NA,NA,NA,NA,NA,NA,NA,-5.88792,6.68402,-1.13141,50,5.42757,5.5355,-134.33538,0.92609,-10.70484,30.4751,-20.02184,GRA_CAN,GRA_CAN,BrazellField,TeamExclusive,Team,20251018-BrazellField-Private-1,960e6c00-ac64-11f0-aabc-cd59143e66a4,91.31899,NA,NA,8.63229,NA,NA,NA,NA,NA,NA,eda8e3ec-2c6f-440b-800e-e49117f41809,2025-10-18,20:54:05,2025-10-18T20:54:05Z,2025-10-18T20:54:05Z,NA,v3,5310,5310,NA,"Aaron, Parker",10308979,Right,GRA_CAN,4a60ca01-2c47-46f9-b833-23d914b8f25f,54.70954,-135.39956,15.23755,5.38302,1.62525,-10.01092,-1.33124,5.90931,-5.35242,NA,NA,NA,NA,NA,NA,NA,NA,NA,NA,NA,NA,NA,NA,NA,NA,NA,NA,NA,NA,NA,NA,NA,NA,NA,NA,NA,NA,NA,NA,NA,NA,NA,NA,NA,NA,NA,NA,NA,NA,NA,NA,NA,NA,NA,NA,NA,NA,NA,NA,High,High,High,NA,NA,NA,NA,NA,220.796512,21.73318,1896.194103,0.928918,01:15:00,-0.408455,-0.60251,-0.685673,3.905614,27.351707,77.545999,-0.205865,163.018896,-0.935915,-16.606707,0.935915,-0.285801,0.205865,12.40532,-11.880165,0.285801,-0.285801,-163.018896,11.880165,0.205865,16.606707,-12.40532,-0.205865,0.285801,0.935915,-0.935915
NA,NA,NA,NA,NA,NA,NA,NA,NA,NA,NA,NA,218,2025-10-18,13:54:23,1,6,"Higginbottom, Elijah",830834,Right,GRA_CAN,"Matranga, Austin",1000303758,Right,GRA_CAN,Undefined,7,Top,0,3,2,FourSeamFastBall,Sinker,BallCalled,Walk,Undefined,Undefined,0,0,NA,89.52415,-2.161321,-3.015363,1956.207629,226.705664,01:30:00,5.15339,1.54704,6.06606,-23.08009,11.43457,11.03099,1.22615,-0.32684,82.43089,-6.468695,-1.030992,0.422837,NA,NA,NA,NA,NA,NA,NA,NA,NA,NA,NA,-6.48461,6.78492,-1.31896,50,4.97316,6.39372,-129.93724,-5.65012,-11.15161,25.7263,-20.50594,GRA_CAN,GRA_CAN,BrazellField,TeamExclusive,Team,20251018-BrazellField-Private-1,a0b74dc0-ac64-11f0-aabc-cd59143e66a4,89.14172,NA,NA,7.09326,NA,NA,NA,NA,NA,NA,eda8e3ec-2c6f-440b-800e-e49117f41809,2025-10-18,20:54:23,2025-10-18T20:54:23Z,2025-10-18T20:54:23Z,NA,v3,5310,5310,NA,"Aaron, Parker",10308979,Right,GRA_CAN,126cb642-f7bb-49b1-82b4-fb505d935df9,54.43368,-130.81212,12.86315,5.15345,-4.95277,-10.25297,-1.54284,6.77296,-5.57581,NA,NA,NA,NA,NA,NA,NA,NA,NA,NA,NA,NA,NA,NA,NA,NA,NA,NA,NA,NA,NA,NA,NA,NA,NA,NA,NA,NA,NA,NA,NA,NA,NA,NA,NA,NA,NA,NA,NA,NA,NA,NA,NA,NA,NA,NA,NA,NA,NA,NA,High,High,High,NA,NA,NA,NA,NA,225.95763,16.883655,1871.888185,0.956896,01:30:00,-0.298909,-0.698306,-0.650402,-49.683855,-56.184831,69.094402,0.962736,136.794553,-0.197128,10.6699,0.197128,-0.18515,-0.962736,78.428197,74.309313,0.18515,0.18515,-136.794553,-74.309313,0.962736,-10.6699,-78.428197,-0.962736,-0.18515,0.197128,-0.197128
NA,NA,NA,NA,NA,NA,NA,NA,NA,NA,NA,NA,219,2025-10-18,13:54:53,2,1,"Higginbottom, Elijah",830834,Right,GRA_CAN,"Boever, Cael",830837,Right,GRA_CAN,Undefined,7,Top,0,0,0,Cutter,Slider,BallCalled,Undefined,Undefined,Undefined,0,0,NA,82.89639,0.262166,-3.860576,2241.418781,174.364225,11:45:00,5.35425,1.54302,6.00451,-32.02643,7.93859,-0.68035,2.92883,-2.09599,77.13244,-5.648001,-3.982445,0.455,NA,NA,NA,NA,NA,NA,NA,NA,NA,NA,NA,-0.5374,4.37051,-1.23884,50,5.35717,8.14984,-120.38705,-0.45589,-0.80216,19.62612,-25.65036,GRA_CAN,GRA_CAN,BrazellField,TeamExclusive,Team,20251018-BrazellField-Private-1,b30a2920-ac64-11f0-aabc-cd59143e66a4,82.84051,NA,NA,5.76395,NA,NA,NA,NA,NA,NA,eda8e3ec-2c6f-440b-800e-e49117f41809,2025-10-18,20:54:53,2025-10-18T20:54:53Z,2025-10-18T20:54:53Z,NA,v3,5310,5310,NA,"Aaron, Parker",10308979,Right,GRA_CAN,5b322c74-ff0c-4440-b95d-fbf73d48337f,54.49541,-121.1177,9.81306,5.35637,0.49903,-12.82518,-1.5428,8.1797,-0.40108,NA,NA,NA,NA,NA,NA,NA,NA,NA,NA,NA,NA,NA,NA,NA,NA,NA,NA,NA,NA,NA,NA,NA,NA,NA,NA,NA,NA,NA,NA,NA,NA,NA,NA,NA,NA,NA,NA,NA,NA,NA,NA,NA,NA,NA,NA,NA,NA,NA,NA,High,High,High,NA,NA,NA,NA,NA,213.885641,83.027601,272.088495,0.121391,01:15:00,-0.997436,-0.063138,-0.033693,-21.710961,-37.778592,-69.91886,0.944961,131.857083,-0.21832,14.104348,0.21832,-0.243689,-0.944961,76.990878,70.902204,0.243689,0.243689,-131.857083,-70.902204,0.944961,-14.104348,-76.990878,-0.944961,-0.243689,0.21832,-0.21832
NA,NA,NA,NA,NA,NA,NA,NA,NA,NA,NA,NA,220,2025-10-18,13:55:11,2,2,"Higginbottom, Elijah",830834,Right,GRA_CAN,"Boever, Cael",830837,Right,GRA_CAN,Undefined,7,Top,0,1,0,FourSeamFastBall,Four-Seam,FoulBallNotFieldable,Undefined,Undefined,Undefined,0,0,NA,90.24841,-0.848378,-2.121222,2067.649902,222.34127,01:30:00,5.39688,1.60768,5.94306,-20.09348,14.13548,11.893980000000001,2.93488,0.63032,82.4667,-4.636319,0.014454,0.421084,NA,NA,NA,NA,NA,NA,NA,NA,NA,NA,NA,-6.71339,7.81961,-1.44543,50,5.31796,4.35459,-131.06212,-2.5755,-11.67477,27.75099,-18.57553,GRA_CAN,GRA_CAN,BrazellField,TeamExclusive,Team,20251018-BrazellField-Private-1,bd6d4f50-ac64-11f0-aabc-cd59143e66a4,89.51293,NA,NA,7.78171,NA,NA,NA,NA,NA,NA,eda8e3ec-2c6f-440b-800e-e49117f41809,2025-10-18,20:55:11,2025-10-18T20:55:11Z,2025-10-18T20:55:11Z,NA,v3,5310,5310,NA,"Aaron, Parker",10308979,Right,GRA_CAN,90229ad5-6d14-4b7f-a95a-fa5266671175,54.55621,-132.02333,13.8755,5.39602,-1.9321,-9.28776,-1.60326,4.75896,-5.83739,NA,NA,NA,NA,NA,NA,NA,NA,NA,NA,NA,NA,NA,NA,NA,NA,NA,NA,NA,NA,NA,NA,NA,NA,NA,NA,NA,NA,NA,NA,NA,NA,NA,NA,NA,NA,NA,NA,NA,NA,NA,NA,NA,NA,NA,NA,NA,NA,NA,NA,High,High,High,NA,NA,NA,NA,NA,221.246303,20.05412,1942.28651,0.939369,01:15:00,-0.359614,-0.624333,-0.69346,-4.286748,28.435219,72.405794,-0.22404,162.768526,-0.930837,-16.780295,0.930837,-0.288703,0.22404,13.532901,-12.946407,0.288703,-0.288703,-162.768526,12.946407,0.22404,16.780295,-13.532901,-0.22404,0.288703,0.930837,-0.930837
NA,NA,NA,NA,NA,NA,NA,NA,NA,NA,NA,NA,221,2025-10-18,13:55:30,2,3,"Higginbottom, Elijah",830834,Right,GRA_CAN,"Boever, Cael",830837,Right,GRA_CAN,Undefined,7,Top,0,1,1,Sweeper,Slider,BallCalled,Undefined,Undefined,Undefined,0,0,NA,78.08318,-0.836763,-2.458282,2583.720729,101.116062,09:15:00,5.33323,1.79201,5.51401,-42.13227,4.78614,-16.46926,1.03899,-1.88052,71.51937,-8.533079,-5.390121,0.492996,NA,NA,NA,NA,NA,NA,NA,NA,NA,NA,NA,7.53233,3.17154,-1.56659,50,5.23236,5.50448,-113.19358,-3.02971,9.68374,22.41636,-28.09662,GRA_CAN,GRA_CAN,BrazellField,TeamExclusive,Team,20251018-BrazellField-Private-1,c91d40d0-ac64-11f0-aabc-cd59143e66a4,76.45594,NA,NA,6.56382,NA,NA,NA,NA,NA,NA,eda8e3ec-2c6f-440b-800e-e49117f41809,2025-10-18,20:55:30,2025-10-18T20:55:30Z,2025-10-18T20:55:30Z,NA,v3,5310,5310,NA,"Aaron, Parker",10308979,Right,GRA_CAN,6b196ce8-c75f-41e9-acf0-7002b04030c4,54.9838,-114.17628,11.20818,5.33818,-1.798,-14.04831,-1.7986,5.07996,4.84187,NA,NA,NA,NA,NA,NA,NA,NA,NA,NA,NA,NA,NA,NA,NA,NA,NA,NA,NA,NA,NA,NA,NA,NA,NA,NA,NA,NA,NA,NA,NA,NA,NA,NA,NA,NA,NA,NA,NA,NA,NA,NA,NA,NA,NA,NA,NA,NA,NA,NA,High,High,High,NA,NA,NA,NA,NA,56.106378,73.789468,721.291186,0.279168,07:45:00,-0.95596,0.217682,0.196863,17.69589,-1.276954,30.849581,-0.709406,90.262199,-0.003225,-44.812767,0.003225,-0.704792,0.709406,89.739507,-45.186637,0.704792,-0.704792,-90.262199,45.186637,0.709406,44.812767,-89.739507,-0.709406,0.704792,0.003225,-0.003225
NA,NA,NA,NA,NA,NA,NA,NA,NA,NA,NA,NA,222,2025-10-18,13:55:52,2,4,"Higginbottom, Elijah",830834,Right,GRA_CAN,"Boever, Cael",830837,Right,GRA_CAN,Undefined,7,Top,0,2,1,FourSeamFastBall,Four-Seam,FoulBallNotFieldable,Undefined,Undefined,Undefined,0,0,NA,90.15019,-1.256954,-2.629444,2076.591187,208.871157,01:00:00,5.49631,1.61803,6.09814,-18.03131,15.92225,8.21567,2.82975,-0.13097,82.80828,-4.67079,-1.151117,0.419386,84.33426,48.311832,44.703819,5009.36405,66.38732,100.93926,87.70816,264.28288,93.90466,60.237333,5.386556,-4.96012,8.87949,-1.4199600000000001,50,5.38991,5.68135,-130.95406,-3.41358,-8.65868,26.29015,-16.67346,GRA_CAN,GRA_CAN,BrazellField,TeamExclusive,Team,20251018-BrazellField-Private-1,d5b23b20-ac64-11f0-aabc-cd59143e66a4,89.8753,110.52188,NA,7.34191,NA,NA,NA,0.85034,2.62022,-0.13092,eda8e3ec-2c6f-440b-800e-e49117f41809,2025-10-18,20:55:52,2025-10-18T20:55:52Z,2025-10-18T20:55:52Z,FlyBall,v3,5310,5310,NA,"Aaron, Parker",10308979,Right,GRA_CAN,fdf076a3-b04c-4bcc-b75e-d7e495583725,54.40194,-131.83483,13.14508,5.49492,-2.85499,-8.33673,-1.61515,5.97142,-4.32934,NA,0.87015,58.06876,-16.58133,2.31834,1.11103,-0.7444,0.18584,-0.02175,9.9e-4,2.61343,92.47151,-23.91748,2.54964,-0.43868,-0.00303,0.02746,-0.00567,3.6e-4,-0.1307,57.85184,-5.17644,0.48715,0.15724,-0.10968,0.03003,-0.00396,2e-4,NA,NA,NA,NA,NA,NA,NA,NA,NA,NA,NA,NA,NA,NA,NA,NA,NA,NA,NA,NA,NA,NA,High,High,High,Medium,Low,NA,NA,NA,213.202226,21.488051,1932.255605,0.930494,01:00:00,-0.390387,-0.517447,-0.761477,2.539177,21.312034,72.797651,-0.178661,162.766499,-0.939738,-16.94777,0.939738,-0.2915,0.178661,10.764472,-10.291767,0.2915,-0.2915,-162.766499,10.291767,0.178661,16.94777,-10.764472,-0.178661,0.2915,0.939738,-0.939738
NA,NA,NA,NA,NA,NA,NA,NA,NA,NA,NA,NA,223,2025-10-18,13:56:21,2,5,"Higginbottom, Elijah",830834,Right,GRA_CAN,"Boever, Cael",830837,Right,GRA_CAN,Undefined,7,Top,0,2,2,FourSeamFastBall,Sinker,StrikeCalled,Strikeout,Undefined,Undefined,0,0,NA,91.61843,-1.888002,-2.441261,1840.04647,225.133818,01:30:00,5.17192,1.92633,6.04183,-20.28548,12.85198,11.84938,1.7312,0.65213,83.79063,-5.703691,-0.309569,0.414315,NA,NA,NA,NA,NA,NA,NA,NA,NA,NA,NA,-6.76158,7.46311,-1.74218,50,5.01362,5.16125,-132.96846,-5.03303,-12.10424,28.54041,-18.81401,GRA_CAN,GRA_CAN,BrazellField,TeamExclusive,Team,20251018-BrazellField-Private-1,e714c310-ac64-11f0-aabc-cd59143e66a4,90.97524,NA,NA,7.8278,NA,NA,NA,NA,NA,NA,eda8e3ec-2c6f-440b-800e-e49117f41809,2025-10-18,20:56:21,2025-10-18T20:56:21Z,2025-10-18T20:56:21Z,NA,v3,5310,5310,NA,"Aaron, Parker",10308979,Right,GRA_CAN,578ae235-6c68-4d79-bc1f-26318cd3ae9c,54.45652,-133.92159,14.27021,5.17121,-4.40472,-9.407,-1.92129,5.56549,-6.05212,NA,NA,NA,NA,NA,NA,NA,NA,NA,NA,NA,NA,NA,NA,NA,NA,NA,NA,NA,NA,NA,NA,NA,NA,NA,NA,NA,NA,79.13406,1.846642,1.007872,0.83877,-1.25615,1.45906,-0.64019,-3.06263,4.81296,3.46435,66.88395,3.72512,57.90898,-3.01928,93.46904,-12.18951,4.83073,10.88994,-14.60325,3.46263,66.87746,-2.33942,High,High,High,NA,NA,High,High,High,226.397204,13.770397000000001,1787.158739,0.971257,01:30:00,-0.243068,-0.710785,-0.660078,-99.072351,-37.575776,-72.17832,0.950081,166.11167,-0.302882,4.294912,0.302882,-0.07489,-0.950081,72.317948,71.82002,0.07489,0.07489,-166.11167,-71.82002,0.950081,-4.294912,-72.317948,-0.950081,-0.07489,0.302882,-0.302882
NA,NA,NA,NA,NA,NA,NA,NA,NA,NA,NA,NA,224,2025-10-18,13:56:52,3,1,"Higginbottom, Elijah",830834,Right,GRA_CAN,"Bates, Camden",806492,Right,GRA_CAN,Undefined,7,Top,1,0,0,FourSeamFastBall,Sinker,InPlay,Undefined,FlyBall,Out,1,0,NA,90.5789,-0.802593,-2.045331,1942.985298,223.405955,01:30:00,5.40324,1.65196,6.00901,-19.37277,14.65312,12.80217,3.04476,0.82313,82.43087,-4.473612,0.256481,0.419833,89.59631,58.818318,-26.922662,NA,NA,NA,NA,NA,74.65779,NA,NA,-7.2041,8.10776,-1.49842,50,5.32963,4.16007,-131.5135,-2.43927,-12.55886,29.09322,-18.03984,GRA_CAN,GRA_CAN,BrazellField,TeamExclusive,Team,20251018-BrazellField-Private-1,f9ce7690-ac64-11f0-aabc-cd59143e66a4,89.77968,125.48982,NA,8.14803,NA,NA,NA,1.38834,3.4168,-0.89254,eda8e3ec-2c6f-440b-800e-e49117f41809,2025-10-18,20:56:52,2025-10-18T20:56:52Z,2025-10-18T20:56:52Z,NA,v3,5310,5310,NA,"Aaron, Parker",10308979,Right,GRA_CAN,56d95edb-a269-481d-8798-2c87fab332ab,54.48996,-132.50304,14.54661,5.40216,-1.82569,-9.01992,-1.64718,4.58723,-6.27943,176.630817,1.3884,60.65486,-19.01033,4.93761,0.23682,-1.61602,1.26529,-0.47062,0.06962,3.41676,112.42809,-25.49071,3.00175,-1.39198,1.27391,-0.85342,0.30679,-0.04493,-0.89256,-30.8033,8.13337,-2.05572,-0.03721,0.5748,-0.45542,0.16977,-0.02513,NA,NA,NA,NA,NA,NA,NA,NA,NA,NA,NA,NA,NA,NA,NA,NA,NA,NA,NA,NA,NA,NA,High,High,High,High,Undefined,NA,NA,NA,220.650608,26.190836,1743.497,0.897329,01:15:00,-0.457153,-0.590685,-0.664908,-6.892549,34.00992,70.319585,-0.343533,166.646234,-0.913749,-12.527409,0.913749,-0.216907,0.343533,20.604241,-20.092256,0.216907,-0.216907,-166.646234,20.092256,0.343533,12.527409,-20.604241,-0.343533,0.216907,0.913749,-0.913749
NA,NA,NA,NA,NA,NA,NA,NA,NA,NA,NA,NA,225,2025-10-18,13:57:32,4,1,"Higginbottom, Elijah",830834,Right,GRA_CAN,"Bianchina, Vince",812437,Left,GRA_CAN,Undefined,7,Top,2,0,0,Sinker,Sinker,StrikeCalled,Undefined,Undefined,Undefined,0,0,NA,91.67297,-1.626154,-3.079716,1684.820322,244.231877,02:15:00,5.18584,1.76121,6.22941,-25.15383,7.84107,13.99804,1.58684,0.08365,83.62717,-6.334803,-0.553285,0.413423,NA,NA,NA,NA,NA,NA,NA,NA,NA,NA,NA,-8.11044,4.87355,-1.53756,50,5.05185,6.56521,-133.00044,-4.60748,-14.47018,29.57582,-23.47893,GRA_CAN,GRA_CAN,BrazellField,TeamExclusive,Team,20251018-BrazellField-Private-1,11763800-ac65-11f0-aabc-cd59143e66a4,91.17157,NA,NA,8.0458,NA,NA,NA,NA,NA,NA,eda8e3ec-2c6f-440b-800e-e49117f41809,2025-10-18,20:57:32,2025-10-18T20:57:32Z,2025-10-18T20:57:32Z,NA,v3,5310,5310,NA,"Aaron, Parker",10308979,Right,GRA_CAN,6269a11f-4039-43cb-8061-4e8feaef5b1b,54.26885,-133.94635,14.78791,5.1872,-3.85656,-11.73947,-1.75493,7.02801,-7.23509,NA,NA,NA,NA,NA,NA,NA,NA,NA,NA,NA,NA,NA,NA,NA,NA,NA,NA,NA,NA,NA,NA,NA,NA,NA,NA,NA,NA,NA,NA,NA,NA,NA,NA,NA,NA,NA,NA,NA,NA,NA,NA,NA,NA,NA,NA,NA,NA,NA,NA,High,High,High,NA,NA,NA,NA,NA,232.062843,11.055409,1653.55376,0.981442,01:45:00,-0.201887,-0.779179,-0.593398,-83.601463,-38.822206,-81.498793,0.885857,153.765927,-0.416169,11.834643,0.416169,-0.205088,-0.885857,64.83623,62.357168,0.205088,0.205088,-153.765927,-62.357168,0.885857,-11.834643,-64.83623,-0.885857,-0.205088,0.416169,-0.416169
NA,NA,NA,NA,NA,NA,NA,NA,NA,NA,NA,NA,226,2025-10-18,13:58:32,4,2,"Higginbottom, Elijah",830834,Right,GRA_CAN,"Bianchina, Vince",812437,Left,GRA_CAN,Undefined,7,Top,2,0,1,Cutter,Slider,InPlay,Undefined,LineDrive,Single,0,0,NA,83.99311,-0.23748,-1.561278,2222.799021,142.634109,10:45:00,5.33198,1.71366,5.56134,-31.45423,8.09315,-5.36516,2.48885,-0.19242,78.00474,-6.006256,-2.518049,0.452617,76.01877,16.763476,-3.480155,1591.133808,109.42364,17.7768,-11.24408,186.28994,185.39087,-7.95057,2.140383,2.36858,4.47185,-1.57515,50,5.29053,3.54294,-122.13157,-1.57853,3.62714,20.92965,-25.32607,GRA_CAN,GRA_CAN,BrazellField,TeamExclusive,Team,20251018-BrazellField-Private-1,3501f340-ac65-11f0-aabc-cd59143e66a4,83.27676,18.08232,NA,5.98838,NA,NA,NA,1.72512,2.51863,0.17461,eda8e3ec-2c6f-440b-800e-e49117f41809,2025-10-18,20:58:32,2025-10-18T20:58:32Z,2025-10-18T20:58:32Z,LineDrive,v3,5310,5310,NA,"Aaron, Parker",10308979,Right,GRA_CAN,68cd1c2c-eefd-40bd-9995-1d51bc0733e3,54.93978,-122.97518,10.46483,5.33358,-0.55771,-12.66304,-1.71501,3.39674,1.81357,115.79318,1.72512,106.55926,-12.73642,1.93679,-0.38779,0.06276,-0.00577,-9.4e-4,2.8e-4,2.51864,32.15701,-17.74996,1.35926,-0.23741,0.04631,-0.00719,0.00168,-2.5e-4,0.17458,-6.4786,-3.75188,0.80277,-0.22809,0.06351,-2e-5,-0.00725,0.00152,NA,NA,NA,NA,NA,NA,NA,NA,NA,NA,NA,NA,NA,NA,NA,NA,NA,NA,NA,NA,NA,NA,High,High,High,High,High,NA,NA,NA,252.798142,86.9999,116.336167,0.052338,02:30:00,-0.998465,-0.054135,0.01173,-17.563818,-21.829294,-73.340785,0.956352,133.200378,-0.200038,12.299152,0.200038,-0.213016,-0.956352,78.185903,73.009251,0.213016,0.213016,-133.200378,-73.009251,0.956352,-12.299152,-78.185903,-0.956352,-0.213016,0.200038,-0.200038
NA,NA,NA,NA,NA,NA,NA,NA,NA,NA,NA,NA,227,2025-10-18,13:59:10,5,1,"Higginbottom, Elijah",830834,Right,GRA_CAN,"Perez, Jaime",1000122545,Right,GRA_CAN,Undefined,7,Top,2,0,0,FourSeamFastBall,Sinker,InPlay,Undefined,GroundBall,FieldersChoice,1,0,NA,89.14168,-1.739526,-1.86567,1963.582248,227.598778,01:30:00,5.4247,1.93731,5.91241,-21.59348,13.71898,13.73414,2.0094,1.34964,81.19207,-5.800493,0.600517,0.427696,52.58584,-6.967924,-37.230449,NA,NA,NA,NA,18.56394,18.56394,-37.71049,0.214914,-7.62386,7.89654,-1.79568,50,5.27287,3.64258,-129.3677,-4.6139,-12.84749,28.40517,-18.86706,GRA_CAN,GRA_CAN,BrazellField,TeamExclusive,Team,20251018-BrazellField-Private-1,4bcd5e70-ac65-11f0-aabc-cd59143e66a4,88.12902,2.02019,NA,7.94962,NA,NA,NA,1.52511,2.02019,-1.35424,eda8e3ec-2c6f-440b-800e-e49117f41809,2025-10-18,20:59:10,2025-10-18T20:59:10Z,2025-10-18T20:59:10Z,GroundBall,v3,5310,5310,NA,"Aaron, Parker",10308979,Right,GRA_CAN,464c10fd-43df-4faf-9c7b-4e6b273dcda9,54.58673,-130.37091,14.20259,5.42406,-3.94756,-9.43353,-1.93234,4.09633,-6.42374,NA,1.51529,61.23874,NA,NA,NA,NA,NA,NA,NA,2.0217,-9.40002,NA,NA,NA,NA,NA,NA,NA,-1.34678,-46.53405,NA,NA,NA,NA,NA,NA,NA,NA,NA,NA,NA,NA,NA,NA,NA,NA,NA,NA,NA,NA,NA,NA,NA,NA,NA,NA,NA,NA,NA,High,High,High,Estimated,Estimated,NA,NA,NA,220.572852,17.577837,1871.897803,0.953308,01:15:00,-0.306464,-0.628927,-0.714514,-12.880164,30.739225,68.796445,-0.272632,165.916231,-0.933198,-13.539881,0.933198,-0.234122,0.272632,16.285613,-15.820939,0.234122,-0.234122,-165.916231,15.820939,0.272632,13.539881,-16.285613,-0.272632,0.234122,0.933198,-0.933198
NA,NA,NA,NA,NA,NA,NA,NA,NA,NA,NA,NA,243,2025-10-18,14:07:54,5,4,"Frey, Chase",833384,Left,GRA_CAN,"Alexander, Aspen",1000342226,Right,GRA_CAN,Undefined,7,Bottom,2,1,2,Slider,Slider,StrikeCalled,Strikeout,Undefined,Undefined,0,0,NA,79.09218,0.058377,1.421003,1839.804848,275.635179,03:15:00,6.09474,-2.61186,5.48383,-44.67435,1.08504,4.74634,2.42651,-0.88656,72.10073,-8.119898,2.267247,0.486868,NA,NA,NA,NA,NA,NA,NA,NA,NA,NA,NA,-1.94453,1.03173,2.48401,50,6.06989,-3.03588,-114.70895,-1.39259,-2.56541,23.16642,-30.81289,GRA_CAN,GRA_CAN,BrazellField,TeamExclusive,Team,20251018-BrazellField-Private-1,84214560-ac66-11f0-aabc-cd59143e66a4,77.41814,NA,NA,6.99144,NA,NA,NA,NA,NA,NA,eda8e3ec-2c6f-440b-800e-e49117f41809,2025-10-18,21:07:54,2025-10-18T21:07:54Z,2025-10-18T21:07:54Z,NA,v3,5310,5310,NA,"Huff, Kade",805217,Right,GRA_CAN,74bb3037-e833-43bb-85c9-fc32a3b42140,55.01334,-115.71701,11.58321,6.10131,-0.0518,-15.40644,2.61368,-2.92425,-1.28271,NA,NA,NA,NA,NA,NA,NA,NA,NA,NA,NA,NA,NA,NA,NA,NA,NA,NA,NA,NA,NA,NA,NA,NA,NA,NA,NA,NA,NA,NA,NA,NA,NA,NA,NA,NA,NA,NA,NA,NA,NA,NA,NA,NA,NA,NA,NA,NA,NA,NA,High,High,High,NA,NA,NA,NA,NA,209.328098,-72.866868,541.993591,0.294593,01:00:00,0.961551,-0.145268,-0.233061,-39.403038,5.368559,82.69207,-0.602804,179.966063,-0.797889,-0.027078,0.797889,-4.73e-4,0.602804,37.07098,-37.070975,4.73e-4,-4.73e-4,-179.966063,37.070975,0.602804,0.027078,-37.07098,-0.602804,4.73e-4,0.797889,-0.797889
NA,NA,NA,NA,NA,NA,NA,NA,NA,NA,NA,NA,244,2025-10-18,14:10:18,1,1,"Higginbottom, Elijah",830834,Right,GRA_CAN,"Anderson, Dillon",1000314379,Left,GRA_CAN,Undefined,8,Top,0,0,0,Sinker,Sinker,BallCalled,Undefined,Undefined,Undefined,0,0,NA,89.31125,-1.907384,-2.624564,1880.944959,242.238714,02:00:00,5.21271,1.7587,6.08497,-24.22241,10.71638,18.16773,1.42713,0.84295,81.49579,-6.444889,0.647909,0.425427,NA,NA,NA,NA,NA,NA,NA,NA,NA,NA,NA,-10.08304,6.42953,-1.5652,50,5.05253,5.17978,-129.5854,-5.0946,-17.07757,28.07662,-21.28438,GRA_CAN,GRA_CAN,BrazellField,TeamExclusive,Team,20251018-BrazellField-Private-1,d9ececb0-ac66-11f0-aabc-cd59143e66a4,88.599,NA,NA,7.81546,NA,NA,NA,NA,NA,NA,eda8e3ec-2c6f-440b-800e-e49117f41809,2025-10-18,21:10:18,2025-10-18T21:10:18Z,2025-10-18T21:10:18Z,NA,v3,5310,5310,NA,"Aaron, Parker",10308979,Right,GRA_CAN,fc22287f-5c80-43de-a9c1-0368c6032972,54.41364,-130.53818,14.03831,5.21316,-4.37232,-10.64219,-1.75081,5.75931,-8.53879,NA,NA,NA,NA,NA,NA,NA,NA,NA,NA,NA,NA,NA,NA,NA,NA,NA,NA,NA,NA,NA,NA,NA,NA,NA,NA,NA,NA,NA,NA,NA,NA,NA,NA,NA,NA,NA,NA,NA,NA,NA,NA,NA,NA,NA,NA,NA,NA,NA,NA,High,High,High,NA,NA,NA,NA,NA,227.72848,15.561512,1811.995145,0.963343,01:30:00,-0.273814,-0.721375,-0.636117,-87.87116,-36.046389,-84.469591,0.907894,153.821878,-0.376202,10.657397,0.376202,-0.184936,-0.907894,67.492451,65.215865,0.184936,0.184936,-153.821878,-65.215865,0.907894,-10.657397,-67.492451,-0.907894,-0.184936,0.376202,-0.376202
NA,NA,NA,NA,NA,NA,NA,NA,NA,NA,NA,NA,245,2025-10-18,14:10:31,1,2,"Higginbottom, Elijah",830834,Right,GRA_CAN,"Anderson, Dillon",1000314379,Left,GRA_CAN,Undefined,8,Top,0,1,0,Cutter,Slider,StrikeSwinging,Undefined,Undefined,Undefined,0,0,NA,85.06263,-1.417113,-2.149725,2287.946119,163.446933,11:30:00,5.32372,1.63011,5.78411,-32.65533,6.55741,-1.54532,1.28282,-0.49964,77.3304,-7.458287,-2.426546,0.450697,NA,NA,NA,NA,NA,NA,NA,NA,NA,NA,NA,0.11886,4.18937,-1.45189,50,5.18735,4.6925,-123.31859,-4.14492,0.18092,27.12953,-25.79622,GRA_CAN,GRA_CAN,BrazellField,TeamExclusive,Team,20251018-BrazellField-Private-1,e2167690-ac66-11f0-aabc-cd59143e66a4,83.63138,NA,NA,7.73223,NA,NA,NA,NA,NA,NA,eda8e3ec-2c6f-440b-800e-e49117f41809,2025-10-18,21:10:31,2025-10-18T21:10:31Z,2025-10-18T21:10:31Z,NA,v3,5310,5310,NA,"Aaron, Parker",10308979,Right,GRA_CAN,b9d99c0a-8272-4ad7-aa33-1b57785d888a,54.71296,-124.3511,13.56477,5.32642,-3.16316,-12.89811,-1.63035,4.68561,0.09046,NA,NA,NA,NA,NA,NA,NA,NA,NA,NA,NA,NA,NA,NA,NA,NA,NA,NA,NA,NA,NA,NA,NA,NA,NA,NA,NA,NA,NA,NA,NA,NA,NA,NA,NA,NA,NA,NA,NA,NA,NA,NA,NA,NA,NA,NA,NA,NA,NA,NA,High,High,High,NA,NA,NA,NA,NA,240.603331,79.014215,436.003494,0.190565,02:00:00,-0.980089,-0.190255,-0.056816,-33.587803,-38.87701,-60.853217,0.873697,145.146736,-0.399207,16.141276,0.399207,-0.278007,-0.873697,65.443538,60.891118,0.278007,0.278007,-145.146736,-60.891118,0.873697,-16.141276,-65.443538,-0.873697,-0.278007,0.399207,-0.399207
NA,NA,NA,NA,NA,NA,NA,NA,NA,NA,NA,NA,246,2025-10-18,14:10:47,1,3,"Higginbottom, Elijah",830834,Right,GRA_CAN,"Anderson, Dillon",1000314379,Left,GRA_CAN,Undefined,8,Top,0,1,1,Cutter,Slider,FoulBallNotFieldable,Undefined,Undefined,Undefined,0,0,NA,82.25766,-0.111474,-2.369404,2298.975911,164.861114,11:30:00,5.41222,1.62244,5.79442,-32.09801,9.33197,-2.17713,2.63361,-0.76423,75.44889,-6.057598,-2.758986,0.463264,NA,NA,NA,NA,NA,NA,NA,NA,NA,NA,NA,0.4637,5.15988,-1.42609,50,5.38371,5.025,-119.43078,-1.25065,0.66976,23.00115,-24.72138,GRA_CAN,GRA_CAN,BrazellField,TeamExclusive,Team,20251018-BrazellField-Private-1,eb204e50-ac66-11f0-aabc-cd59143e66a4,81.36274,NA,NA,6.80877,NA,NA,NA,NA,NA,NA,eda8e3ec-2c6f-440b-800e-e49117f41809,2025-10-18,21:10:47,2025-10-18T21:10:47Z,2025-10-18T21:10:47Z,NA,v3,5310,5310,NA,"Aaron, Parker",10308979,Right,GRA_CAN,6efae294-9835-4a7f-86e4-fb7ecf971b7a,54.70542,-120.33358,11.50057,5.41375,-0.28032,-12.36069,-1.62281,4.99871,0.33488,NA,NA,NA,NA,NA,NA,NA,NA,NA,NA,NA,NA,NA,NA,NA,NA,NA,NA,NA,NA,NA,NA,NA,NA,NA,NA,NA,NA,NA,NA,NA,NA,NA,NA,NA,NA,NA,NA,NA,NA,NA,NA,NA,NA,NA,NA,NA,NA,NA,NA,High,High,High,NA,NA,NA,NA,NA,274.917152,86.95089,122.286881,0.053192,03:15:00,-0.997437,-0.054939,0.045835,-31.227516,-40.581345,-70.177316,0.932914,148.53251,-0.307141,10.834724,0.307141,-0.187977,-0.932914,71.77704,68.893769,0.187977,0.187977,-148.53251,-68.893769,0.932914,-10.834724,-71.77704,-0.932914,-0.187977,0.307141,-0.307141
NA,NA,NA,NA,NA,NA,NA,NA,NA,NA,NA,NA,247,2025-10-18,14:11:17,1,4,"Higginbottom, Elijah",830834,Right,GRA_CAN,"Anderson, Dillon",1000314379,Left,GRA_CAN,Undefined,8,Top,0,1,2,Cutter,Slider,InPlay,Undefined,FlyBall,Out,1,0,NA,81.45809,0.389002,-1.550292,2466.801035,128.383889,10:15:00,5.30677,1.85122,5.35113,-35.36848,8.25418,-8.44642,2.72439,-0.30705,73.57157,-6.141817,-3.050183,0.475365,78.72081,51.168357,-10.585021,NA,104.50636,107.24602,-34.32764,227.90959,214.23976,-22.363152,5.361062,3.76162,4.44047,-1.70531,50,5.31683,3.54014,-118.03301,-0.39175,5.21973,25.89928,-26.01232,GRA_CAN,GRA_CAN,BrazellField,TeamExclusive,Team,20251018-BrazellField-Private-1,fd4f26f0-ac66-11f0-aabc-cd59143e66a4,79.29153,110.5697,NA,7.88652,NA,NA,NA,2.14208,4.03742,-0.37734,eda8e3ec-2c6f-440b-800e-e49117f41809,2025-10-18,21:11:17,2025-10-18T21:11:17Z,2025-10-18T21:11:17Z,FlyBall,v3,5310,5310,NA,"Aaron, Parker",10308979,Right,GRA_CAN,3077041d-b6e5-4e16-b175-318e3e7fc5a4,55.14639,-119.1569,12.94964,5.30934,0.73705,-13.00616,-1.85401,3.31363,2.60986,157.078304,2.14469,71.09382,-16.67126,3.8767,-0.28094,-0.15569,0.05594,-0.00739,3.6e-4,4.03347,90.00847,-22.49882,2.16587,-0.44421,0.05889,0.00362,-0.00207,1.6e-4,-0.37602,-13.33183,-3.14055,1.05615,-0.03767,-0.08775,0.03005,-0.00411,2.1e-4,NA,NA,NA,NA,NA,NA,NA,NA,NA,NA,NA,NA,NA,NA,NA,NA,NA,NA,NA,NA,NA,NA,High,High,High,Medium,Low,NA,NA,NA,58.777219,73.370547,705.951467,0.286181,08:00:00,-0.952128,0.25123,0.17417,27.851227,-10.705903,18.962375,-0.771959,92.696965,-0.029911,-39.417662,0.029911,-0.634969,0.771959,87.781102,-50.530099,0.634969,-0.634969,-92.696965,50.530099,0.771959,39.417662,-87.781102,-0.771959,0.634969,0.029911,-0.029911
NA,NA,NA,NA,NA,NA,NA,NA,NA,NA,NA,NA,248,2025-10-18,14:11:50,2,1,"Higginbottom, Elijah",830834,Right,GRA_CAN,"Schmidt, Trevor",808755,Left,GRA_CAN,Undefined,8,Top,1,0,0,Cutter,Slider,FoulBallNotFieldable,Undefined,Undefined,Undefined,0,0,NA,85.15507,-0.08072,-2.117196,2376.987356,152.658211,11:00:00,5.36245,1.50512,5.73546,-31.52884,7.39032,-3.16882,2.65983,-0.73141,77.71381,-5.919155,-2.683823,0.449007,NA,NA,NA,NA,NA,NA,NA,NA,NA,NA,NA,1.0078,4.13803,-1.3267,50,5.33634,4.69643,-123.5882,-1.22723,1.55082,25.79543,-25.80634,GRA_CAN,GRA_CAN,BrazellField,TeamExclusive,Team,20251018-BrazellField-Private-1,1101e070-ac67-11f0-aabc-cd59143e66a4,83.94619,NA,NA,7.44126,NA,NA,NA,NA,NA,NA,eda8e3ec-2c6f-440b-800e-e49117f41809,2025-10-18,21:11:50,2025-10-18T21:11:50Z,2025-10-18T21:11:50Z,NA,v3,5310,5310,NA,"Aaron, Parker",10308979,Right,GRA_CAN,cfbec51c-7e2f-4426-92f2-5b1a79f99a14,54.76382,-124.57854,12.89772,5.36444,-0.23647,-12.90317,-1.50586,4.63689,0.77541,NA,NA,NA,NA,NA,NA,NA,NA,NA,NA,NA,NA,NA,NA,NA,NA,NA,NA,NA,NA,NA,NA,NA,NA,NA,NA,NA,NA,NA,NA,NA,NA,NA,NA,NA,NA,NA,NA,NA,NA,NA,NA,NA,NA,NA,NA,NA,NA,NA,NA,High,High,High,NA,NA,NA,NA,NA,NA,NA,NA,NA,NA,NA,NA,NA,NA,NA,NA,NA,NA,NA,NA,NA,NA,NA,NA,NA,NA,NA,NA,NA,NA,NA,NA,NA,NA,NA,NA
NA,NA,NA,NA,NA,NA,NA,NA,NA,NA,NA,NA,249,2025-10-18,14:12:32,2,2,"Higginbottom, Elijah",830834,Right,GRA_CAN,"Schmidt, Trevor",808755,Left,GRA_CAN,Undefined,8,Top,1,0,1,ChangeUp,Changeup,BallCalled,Undefined,Undefined,Undefined,0,0,NA,79.18026,1.205873,-0.222682,1570.223905,253.981934,02:30:00,5.07292,1.87442,5.67354,-39.70868,5.31185,13.49981,2.88827,2.7918,72.36015,-6.123081,2.191087,0.482922,NA,NA,NA,NA,NA,NA,NA,NA,NA,NA,NA,-6.86678,2.82146,-1.86403,50,5.14995,-0.08514,-114.95812,1.13665,-9.1626,21.88452,-28.40925,GRA_CAN,GRA_CAN,BrazellField,TeamExclusive,Team,20251018-BrazellField-Private-1,299672e0-ac67-11f0-aabc-cd59143e66a4,78.05085,NA,NA,6.82011,NA,NA,NA,NA,NA,NA,eda8e3ec-2c6f-440b-800e-e49117f41809,2025-10-18,21:12:32,2025-10-18T21:12:32Z,2025-10-18T21:12:32Z,NA,v3,5310,5310,NA,"Aaron, Parker",10308979,Right,GRA_CAN,a64be9f6-14a1-4aae-bf7e-20e826ae0835,54.8242,-115.87286,10.94226,5.07762,2.32411,-14.20463,-1.86847,0.29784,-4.5813,NA,NA,NA,NA,NA,NA,NA,NA,NA,NA,NA,NA,NA,NA,NA,NA,NA,NA,NA,NA,NA,NA,NA,NA,NA,NA,NA,NA,NA,NA,NA,NA,NA,NA,NA,NA,NA,NA,NA,NA,NA,NA,NA,NA,NA,NA,NA,NA,NA,NA,High,High,High,NA,NA,NA,NA,NA,254.776745,40.763903,1189.297897,0.757407,02:30:00,-0.668947,-0.716926,-0.196282,-57.132764,-42.142745,65.035281,0.823083,155.244098,-0.515729,13.757846,0.515729,-0.237819,-0.823083,57.929462,55.394604,0.237819,0.237819,-155.244098,-55.394604,0.823083,-13.757846,-57.929462,-0.823083,-0.237819,0.515729,-0.515729
NA,NA,NA,NA,NA,NA,NA,NA,NA,NA,NA,NA,250,2025-10-18,14:12:50,2,3,"Higginbottom, Elijah",830834,Right,GRA_CAN,"Schmidt, Trevor",808755,Left,GRA_CAN,Undefined,8,Top,1,1,1,Cutter,Slider,StrikeSwinging,Undefined,Undefined,Undefined,0,0,NA,84.26578,-0.112693,-2.17174,2322.465424,193.663689,12:30:00,5.28667,1.71788,5.7471,-32.09423,7.8978,1.58291,2.50716,-0.17309,76.3875,-6.075912,-1.888578,0.455154,NA,NA,NA,NA,NA,NA,NA,NA,NA,NA,NA,-1.47197,4.48331,-1.53834,50,5.25801,4.56685,-122.16738,-1.30416,-2.20062,26.48752,-25.47142,GRA_CAN,GRA_CAN,BrazellField,TeamExclusive,Team,20251018-BrazellField-Private-1,349cb6e0-ac67-11f0-aabc-cd59143e66a4,82.81256,NA,NA,7.87828,NA,NA,NA,NA,NA,NA,eda8e3ec-2c6f-440b-800e-e49117f41809,2025-10-18,21:12:50,2025-10-18T21:12:50Z,2025-10-18T21:12:50Z,NA,v3,5310,5310,NA,"Aaron, Parker",10308979,Right,GRA_CAN,2db642ac-0f2e-44a7-85fe-0b3203d0fb00,54.74856,-123.19263,13.24376,5.2894,-0.31824,-12.73571,-1.71676,4.65203,-1.10031,NA,NA,NA,NA,NA,NA,NA,NA,NA,NA,NA,NA,NA,NA,NA,NA,NA,NA,NA,NA,NA,NA,NA,NA,NA,NA,NA,NA,NA,NA,NA,NA,NA,NA,NA,NA,NA,NA,NA,NA,NA,NA,NA,NA,NA,NA,NA,NA,NA,NA,High,High,High,NA,NA,NA,NA,NA,229.074197,81.278225,352.170475,0.151636,01:45:00,-0.991264,-0.116514,-0.061815,-27.796885,-35.275154,-58.88922,0.891358,124.677114,-0.257905,21.887223,0.257905,-0.372781,-0.891358,73.862733,63.044399,0.372781,0.372781,-124.677114,-63.044399,0.891358,-21.887223,-73.862733,-0.891358,-0.372781,0.257905,-0.257905
NA,NA,NA,NA,NA,NA,NA,NA,NA,NA,NA,NA,251,2025-10-18,14:13:08,2,4,"Higginbottom, Elijah",830834,Right,GRA_CAN,"Schmidt, Trevor",808755,Left,GRA_CAN,Undefined,8,Top,1,1,2,Sweeper,Slider,BallCalled,Undefined,Undefined,Undefined,0,0,NA,79.25565,0.58218,-1.68123,2638.503931,103.925393,09:30:00,5.27524,1.8215,5.38596,-40.05797,5.62177,-16.59836,2.48302,-1.13799,72.30175,-6.7636,-4.629415,0.486445,NA,NA,NA,NA,NA,NA,NA,NA,NA,NA,NA,7.91256,3.04685,-1.65879,50,5.29908,4.023,-114.96591,-0.16112,10.49368,23.12332,-28.13332,GRA_CAN,GRA_CAN,BrazellField,TeamExclusive,Team,20251018-BrazellField-Private-1,3f93b8a0-ac67-11f0-aabc-cd59143e66a4,77.48559,NA,NA,6.9539,NA,NA,NA,NA,NA,NA,eda8e3ec-2c6f-440b-800e-e49117f41809,2025-10-18,21:13:08,2025-10-18T21:13:08Z,2025-10-18T21:13:08Z,NA,v3,5310,5310,NA,"Aaron, Parker",10308979,Right,GRA_CAN,398fc88b-d6c7-4699-a4e1-6200af700125,55.11395,-115.98992,11.56166,5.27863,1.08477,-14.06666,-1.82666,3.55829,5.24684,NA,NA,NA,NA,NA,NA,NA,NA,NA,NA,NA,NA,NA,NA,NA,NA,NA,NA,NA,NA,NA,NA,NA,NA,NA,NA,NA,NA,NA,NA,NA,NA,NA,NA,NA,NA,NA,NA,NA,NA,NA,NA,NA,NA,NA,NA,NA,NA,NA,NA,High,High,High,NA,NA,NA,NA,NA,54.963328,68.821768,953.213195,0.36127,07:45:00,-0.922922,0.305262,0.234584,18.333814,-14.522823,21.588778,-0.663128,105.262541,-0.197039,-46.228636,0.197039,-0.722106,0.663128,73.451472,-41.538865,0.722106,-0.722106,-105.262541,41.538865,0.663128,46.228636,-73.451472,-0.663128,0.722106,0.197039,-0.197039
NA,NA,NA,NA,NA,NA,NA,NA,NA,NA,NA,NA,252,2025-10-18,14:13:25,2,5,"Higginbottom, Elijah",830834,Right,GRA_CAN,"Schmidt, Trevor",808755,Left,GRA_CAN,Undefined,8,Top,1,2,2,FourSeamFastBall,Four-Seam,BallCalled,Undefined,Undefined,Undefined,0,0,NA,92.16926,1.038627,-1.959296,2049.51795,222.294167,01:30:00,5.45522,1.66012,5.85163,-19.93666,13.13918,10.97367,4.75958,0.75333,83.67579,-2.726199,0.007049,0.41393,NA,NA,NA,NA,NA,NA,NA,NA,NA,NA,NA,-6.13583,6.72492,-1.50713,50,5.52805,4.08247,-133.7472,1.77593,-11.06904,29.94284,-20.04228,GRA_CAN,GRA_CAN,BrazellField,TeamExclusive,Team,20251018-BrazellField-Private-1,49a69bf0-ac67-11f0-aabc-cd59143e66a4,91.05994,NA,NA,8.49347,NA,NA,NA,NA,NA,NA,eda8e3ec-2c6f-440b-800e-e49117f41809,2025-10-18,21:13:25,2025-10-18T21:13:25Z,2025-10-18T21:13:25Z,NA,v3,5310,5310,NA,"Aaron, Parker",10308979,Right,GRA_CAN,78cb0c85-7c2e-4e81-9ed5-07dad42a1507,54.6453,-134.78316,14.97142,5.45462,2.46935,-10.02114,-1.655,4.46544,-5.53452,NA,NA,NA,NA,NA,NA,NA,NA,NA,NA,NA,NA,NA,NA,NA,NA,NA,NA,NA,NA,NA,NA,NA,NA,NA,NA,NA,NA,NA,NA,NA,NA,NA,NA,NA,NA,NA,NA,NA,NA,NA,NA,NA,NA,NA,NA,NA,NA,NA,NA,High,High,High,NA,NA,NA,NA,NA,218.16606,27.517337,1817.658186,0.886871,01:15:00,-0.495439,-0.539571,-0.680738,6.000018,21.288133,79.261105,-0.294258,159.624866,-0.895929,-19.43581,0.895929,-0.332751,0.294258,18.182187,-17.113046,0.332751,-0.332751,-159.624866,17.113046,0.294258,19.43581,-18.182187,-0.294258,0.332751,0.895929,-0.895929
NA,NA,NA,NA,NA,NA,NA,NA,NA,NA,NA,NA,253,2025-10-18,14:14:13,2,6,"Higginbottom, Elijah",830834,Right,GRA_CAN,"Schmidt, Trevor",808755,Left,GRA_CAN,Undefined,8,Top,1,3,2,Sinker,Sinker,FoulBallNotFieldable,Undefined,Undefined,Undefined,0,0,NA,90.78322,-1.460012,-3.59614,2075.828469,237.328441,02:00:00,5.22419,1.72728,6.03089,-21.85367,11.74784,16.73839,2.04803,-0.21247,83.45365,-5.550309,-0.589727,0.417206,78.88025,58.404614,-79.527576,5148.502176,NA,NA,NA,NA,60.72985,NA,NA,-9.60855,6.74185,-1.45525,50,5.09794,7.59159,-131.76738,-4.07296,-16.99475,26.42352,-20.24966,GRA_CAN,GRA_CAN,BrazellField,TeamExclusive,Team,20251018-BrazellField-Private-1,66022170-ac67-11f0-aabc-cd59143e66a4,90.34486,86.11576,NA,7.32957,NA,NA,NA,NA,NA,NA,eda8e3ec-2c6f-440b-800e-e49117f41809,2025-10-18,21:14:13,2025-10-18T21:14:13Z,2025-10-18T21:14:13Z,NA,v3,5310,5310,NA,"Aaron, Parker",10308979,Right,GRA_CAN,db6fa252-051a-4091-9b44-a7e9771f7b4d,54.47019,-132.66077,13.21176,5.22407,-3.38831,-10.12483,-1.72163,8.16619,-8.49738,NA,2.1316,11.01697,-9.56709,3.04285,-0.74136,0.10994,0.02681,-0.02226,0.00397,6.01842,98.5419,-26.73863,3.17047,-0.63164,0.11734,-0.02577,0.00556,-6.9e-4,-1.08153,-59.60278,6.81878,-1.29061,0.21351,-0.03337,0.00488,-2.1e-4,-3e-5,NA,NA,NA,NA,NA,NA,NA,NA,NA,NA,NA,NA,NA,NA,NA,NA,NA,NA,NA,NA,NA,NA,High,High,High,Low,Undefined,NA,NA,NA,225.139857,14.15454,2012.805653,0.96964,01:30:00,-0.2694,-0.693318,-0.668382,-104.203955,-31.854408,-69.041406,0.95491,157.206041,-0.273709,6.604942,0.273709,-0.115023,-0.95491,74.005919,72.728758,0.115023,0.115023,-157.206041,-72.728758,0.95491,-6.604942,-74.005919,-0.95491,-0.115023,0.273709,-0.273709
NA,NA,NA,NA,NA,NA,NA,NA,NA,NA,NA,NA,254,2025-10-18,14:15:39,2,7,"Higginbottom, Elijah",830834,Right,GRA_CAN,"Schmidt, Trevor",808755,Left,GRA_CAN,Undefined,8,Top,1,3,2,Cutter,Slider,StrikeCalled,Strikeout,Undefined,Undefined,0,0,NA,82.67624,0.292284,-0.880823,2230.089254,179.503074,12:00:00,5.3648,1.60453,5.86915,-30.42238,9.63296,-0.07488,3.10114,0.78005,77.17387,-5.322279,-0.894257,0.455514,NA,NA,NA,NA,NA,NA,NA,NA,NA,NA,NA,-0.15303,5.20126,-1.53319,50,5.37054,1.85321,-120.35125,-0.35601,-0.22925,18.65098,-24.38144,GRA_CAN,GRA_CAN,BrazellField,TeamExclusive,Team,20251018-BrazellField-Private-1,99a87b50-ac67-11f0-aabc-cd59143e66a4,82.74708,NA,NA,5.50237,NA,NA,NA,NA,NA,NA,eda8e3ec-2c6f-440b-800e-e49117f41809,2025-10-18,21:15:39,2025-10-18T21:15:39Z,2025-10-18T21:15:39Z,NA,v3,5310,5310,NA,"Aaron, Parker",10308979,Right,GRA_CAN,6d1b5340-e5bb-4f57-b6a1-a629c8823e64,54.63119,-121.06683,9.32549,5.36626,0.57942,-12.19072,-1.60446,1.86201,-0.11462,NA,NA,NA,NA,NA,NA,NA,NA,NA,NA,NA,NA,NA,NA,NA,NA,NA,NA,NA,NA,NA,NA,NA,NA,NA,NA,NA,NA,72.83793,NA,NA,0.911353,NA,NA,NA,1.15323,5.21145,-2.72032,71.7259,7.27447,-53.08137,1.23357,84.33881,-7.62949,5.27826,15.93847,-15.05025,-2.79623,-61.16445,6.53277,High,High,High,NA,NA,High,High,High,217.068642,84.478368,214.58267,0.096222,01:15:00,-0.996705,-0.052921,-0.061462,-27.524038,-44.940231,-67.242514,0.923066,132.906446,-0.261866,16.36394,0.261866,-0.281738,-0.923066,74.161813,67.378455,0.281738,0.281738,-132.906446,-67.378455,0.923066,-16.36394,-74.161813,-0.923066,-0.281738,0.261866,-0.261866
NA,NA,NA,NA,NA,NA,NA,NA,NA,NA,NA,NA,255,2025-10-18,14:16:06,3,1,"Higginbottom, Elijah",830834,Right,GRA_CAN,"Scaldeferri, Billy",821907,Right,GRA_CAN,Undefined,8,Top,2,0,0,FourSeamFastBall,Four-Seam,StrikeCalled,Undefined,Undefined,Undefined,0,0,NA,91.43199,-1.14337,-3.198744,2223.505613,211.488213,01:00:00,5.46998,1.48393,5.93364,-17.02383,16.42615,9.40343,2.98876,-0.70319,83.41363,-4.377552,-1.513367,0.416264,NA,NA,NA,NA,NA,NA,NA,NA,NA,NA,NA,-5.69091,9.05237,-1.23354,50,5.36889,7.00104,-132.61303,-3.16214,-10.13111,28.44107,-16.05872,GRA_CAN,GRA_CAN,BrazellField,TeamExclusive,Team,20251018-BrazellField-Private-1,a99b1f90-ac67-11f0-aabc-cd59143e66a4,90.5493,NA,NA,8.0183700000000009,NA,NA,NA,NA,NA,NA,eda8e3ec-2c6f-440b-800e-e49117f41809,2025-10-18,21:16:06,2025-10-18T21:16:06Z,2025-10-18T21:16:06Z,NA,v3,5310,5310,NA,"Aaron, Parker",10308979,Right,GRA_CAN,b05f225b-473c-4485-a18a-af95b0e40085,54.56397,-133.58827,14.22054,5.46788,-2.61149,-8.02936,-1.47956,7.34843,-5.06555,NA,NA,NA,NA,NA,NA,NA,NA,NA,NA,NA,NA,NA,NA,NA,NA,NA,NA,NA,NA,NA,NA,NA,NA,NA,NA,NA,NA,NA,NA,NA,NA,NA,NA,NA,NA,NA,NA,NA,NA,NA,NA,NA,NA,NA,NA,NA,NA,NA,NA,High,High,High,NA,NA,NA,NA,NA,218.810097,29.493126,1935.372123,0.870415,01:15:00,-0.518432,-0.55524,-0.650336,10.600218,33.846206,73.342756,-0.162124,168.130471,-0.965672,-11.71026,0.965672,-0.202963,0.162124,9.530354,-9.330203,0.202963,-0.202963,-168.130471,9.330203,0.162124,11.71026,-9.530354,-0.162124,0.202963,0.965672,-0.965672
NA,NA,NA,NA,NA,NA,NA,NA,NA,NA,NA,NA,256,2025-10-18,14:16:23,3,2,"Higginbottom, Elijah",830834,Right,GRA_CAN,"Scaldeferri, Billy",821907,Right,GRA_CAN,Undefined,8,Top,2,0,1,FourSeamFastBall,Sinker,BallCalled,Undefined,Undefined,Undefined,0,0,NA,90.87088,0.330264,-2.496647,1967.150315,230.371895,01:45:00,5.34865,1.53843,6.00064,-21.55741,12.29359,13.50268,3.85851,0.34883,82.55535,-3.737612,-0.070778,0.418752,NA,NA,NA,NA,NA,NA,NA,NA,NA,NA,NA,-7.61524,6.54847,-1.34905,50,5.36283,5.16293,-131.87329,0.07181,-13.35073,29.20559,-20.69351,GRA_CAN,GRA_CAN,BrazellField,TeamExclusive,Team,20251018-BrazellField-Private-1,b34d9360-ac67-11f0-aabc-cd59143e66a4,90.01132,NA,NA,8.31553,NA,NA,NA,NA,NA,NA,eda8e3ec-2c6f-440b-800e-e49117f41809,2025-10-18,21:16:23,2025-10-18T21:16:23Z,2025-10-18T21:16:23Z,NA,v3,5310,5310,NA,"Aaron, Parker",10308979,Right,GRA_CAN,ad22ccee-b8db-4d06-adeb-06a9ea6bd244,54.49665,-132.86542,14.60279,5.34845,0.77478,-10.34676,-1.53214,5.61646,-6.67537,NA,NA,NA,NA,NA,NA,NA,NA,NA,NA,NA,NA,NA,NA,NA,NA,NA,NA,NA,NA,NA,NA,NA,NA,NA,NA,NA,NA,NA,NA,NA,NA,NA,NA,NA,NA,NA,NA,NA,NA,NA,NA,NA,NA,NA,NA,NA,NA,NA,NA,High,High,High,NA,NA,NA,NA,NA,224.740364,24.945088,1783.639594,0.906712,01:30:00,-0.453073,-0.635789,-0.624898,-17.972032,34.689666,54.777315,-0.299037,162.533158,-0.910242,-16.643702,0.910242,-0.286419,0.299037,18.186626,-17.399772,0.286419,-0.286419,-162.533158,17.399772,0.299037,16.643702,-18.186626,-0.299037,0.286419,0.910242,-0.910242
NA,NA,NA,NA,NA,NA,NA,NA,NA,NA,NA,NA,257,2025-10-18,14:16:38,3,3,"Higginbottom, Elijah",830834,Right,GRA_CAN,"Scaldeferri, Billy",821907,Right,GRA_CAN,Undefined,8,Top,2,1,1,Sweeper,Slider,BallCalled,Undefined,Undefined,Undefined,0,0,NA,77.40667,0.014986,-2.469876,2433.68921,107.452772,09:30:00,5.25998,2.06306,5.55164,-43.34042,4.88343,-9.85315,1.6623000000000001,-1.06737,69.90187,-7.967089,-4.225296,0.499807,NA,NA,NA,NA,NA,NA,NA,NA,NA,NA,NA,4.11264,3.01437,-1.84279,50,5.23321,5.22022,-112.06536,-1.36028,5.12115,24.1826,-28.42047,GRA_CAN,GRA_CAN,BrazellField,TeamExclusive,Team,20251018-BrazellField-Private-1,bcd092c0-ac67-11f0-aabc-cd59143e66a4,75.41401,NA,NA,7.5048,NA,NA,NA,NA,NA,NA,eda8e3ec-2c6f-440b-800e-e49117f41809,2025-10-18,21:16:38,2025-10-18T21:16:38Z,2025-10-18T21:16:38Z,NA,v3,5310,5310,NA,"Aaron, Parker",10308979,Right,GRA_CAN,c1b08ef7-1322-44e1-ba32-c658f42b78a7,54.94356,-113.1271,12.0913,5.26554,-0.11247,-14.21023,-2.06705,4.99538,2.56057,NA,NA,NA,NA,NA,NA,NA,NA,NA,NA,NA,NA,NA,NA,NA,NA,NA,NA,NA,NA,NA,NA,NA,NA,NA,NA,NA,NA,NA,NA,NA,NA,NA,NA,NA,NA,NA,NA,NA,NA,NA,NA,NA,NA,NA,NA,NA,NA,NA,NA,High,High,High,NA,NA,NA,NA,NA,57.166284,70.744453,802.586993,0.329782,08:00:00,-0.935402,0.277346,0.219323,-4.582324,6.794231,20.006948,-0.804676,106.785609,-0.17146,-34.639931,0.17146,-0.568417,0.804676,77.971365,-53.578975,0.568417,-0.568417,-106.785609,53.578975,0.804676,34.639931,-77.971365,-0.804676,0.568417,0.17146,-0.17146
NA,NA,NA,NA,NA,NA,NA,NA,NA,NA,NA,NA,258,2025-10-18,14:16:56,3,4,"Higginbottom, Elijah",830834,Right,GRA_CAN,"Scaldeferri, Billy",821907,Right,GRA_CAN,Undefined,8,Top,2,2,1,Cutter,Slider,FoulBallNotFieldable,Undefined,Undefined,Undefined,0,0,NA,83.59971,-1.21095,-2.780031,2279.76166,185.08079,12:15:00,5.48841,1.78073,5.68445,-28.99805,10.65764,0.85539,1.94168,-0.74129,77.97128,-6.536072,-2.627304,0.45323600000000003,71.83462,27.143581,156.448793,NA,NA,NA,NA,NA,45.77579,NA,NA,-1.06287,6.03091,-1.54712,50,5.36798,5.86535,-121.48485,-3.52657,-1.61805,19.63569,-22.99293,GRA_CAN,GRA_CAN,BrazellField,TeamExclusive,Team,20251018-BrazellField-Private-1,c7528b90-ac67-11f0-aabc-cd59143e66a4,83.16302,21.02735,NA,5.62843,NA,NA,NA,3.32457,1.9856,0.62593,eda8e3ec-2c6f-440b-800e-e49117f41809,2025-10-18,21:16:56,2025-10-18T21:16:56Z,2025-10-18T21:16:56Z,NA,v3,5310,5310,NA,"Aaron, Parker",10308979,Right,GRA_CAN,c721ef9d-30f0-4174-89d2-7ad63d656bc4,54.81588,-122.26077,9.81784,5.48938,-2.61799,-11.49646,-1.78016,5.92929,-0.80902,319.649629,3.32457,-85.94448,7.22307,-0.61374,0.07766,0.0187,-0.01553,-0.0075,0.01119,1.9856,48.06629,-26.45514,4.10756,-0.8401,0.18077,-0.00753,-0.00723,-0.00235,0.62593,37.46109,-8.52324,-0.36489,0.20339,-0.10894,0.03422,0.01275,-0.01724,NA,NA,NA,NA,NA,NA,NA,NA,NA,NA,NA,NA,NA,NA,NA,NA,NA,NA,NA,NA,NA,NA,High,High,High,High,Undefined,NA,NA,NA,250.369807,83.784492,246.826215,0.108268,02:15:00,-0.992342,-0.122962,0.011772,-18.388626,-23.373721,-69.496896,0.955383,135.083416,-0.209163,12.037664,0.209163,-0.208555,-0.955383,77.65102,72.820206,0.208555,0.208555,-135.083416,-72.820206,0.955383,-12.037664,-77.65102,-0.955383,-0.208555,0.209163,-0.209163
NA,NA,NA,NA,NA,NA,NA,NA,NA,NA,NA,NA,259,2025-10-18,14:17:19,3,5,"Higginbottom, Elijah",830834,Right,GRA_CAN,"Scaldeferri, Billy",821907,Right,GRA_CAN,Undefined,8,Top,2,2,2,FourSeamFastBall,Four-Seam,StrikeCalled,Strikeout,Undefined,Undefined,0,0,NA,91.6466,-1.850002,-3.538476,2048.881374,205.698216,12:45:00,5.44845,1.51052,6.05495,-14.63969,19.02863,8.55985,2.51217,-1.05568,82.43602,-4.69059,-2.001901,0.417621,NA,NA,NA,NA,NA,NA,NA,NA,NA,NA,NA,-5.52414,10.72701,-1.23963,50,5.2965,7.82852,-132.65707,-4.67414,-9.69011,32.51343,-13.35741,GRA_CAN,GRA_CAN,BrazellField,TeamExclusive,Team,20251018-BrazellField-Private-1,d4cc1980-ac67-11f0-aabc-cd59143e66a4,90.25514,NA,NA,9.21059,NA,NA,NA,NA,NA,NA,eda8e3ec-2c6f-440b-800e-e49117f41809,2025-10-18,21:17:19,2025-10-18T21:17:19Z,2025-10-18T21:17:19Z,NA,v3,5310,5310,NA,"Aaron, Parker",10308979,Right,GRA_CAN,e85b0d17-eac0-489a-b4c2-aca37da76408,54.4405,-133.74099,16.25672,5.4449,-4.22884,-6.6787,-1.50599,8.15157,-4.84506,NA,NA,NA,NA,NA,NA,NA,NA,NA,NA,NA,NA,NA,NA,NA,NA,NA,NA,NA,NA,NA,NA,NA,NA,NA,NA,NA,NA,NA,NA,NA,NA,NA,NA,NA,NA,NA,NA,NA,NA,NA,NA,NA,NA,NA,NA,NA,NA,NA,NA,High,High,High,NA,NA,NA,NA,NA,217.971557,18.823802,1939.297568,0.946515,01:15:00,-0.349163,-0.592476,-0.725988,2.320739,30.31436,74.936496,-0.144278,167.999232,-0.967911,-11.873367,0.967911,-0.205749,0.144278,8.478165,-8.29548,0.205749,-0.205749,-167.999232,8.29548,0.144278,11.873367,-8.478165,-0.144278,0.205749,0.967911,-0.967911
NA,NA,NA,NA,NA,NA,NA,NA,NA,NA,NA,NA,270,2025-10-18,14:26:36,1,2,"Penzkover, Gunnar",830833,Right,GRA_CAN,"Charles, Max",807283,Left,GRA_CAN,Undefined,9,Top,0,0,1,ChangeUp,Changeup,StrikeCalled,Undefined,Undefined,Undefined,0,0,NA,80.61566,0.550616,-3.164893,1806.134152,243.18886,02:00:00,5.40569,2.42212,5.19074,-33.93419,10.96465,18.43351,3.09663,0.97793,72.57047,-5.726615,0.095913,0.482269,NA,NA,NA,NA,NA,NA,NA,NA,NA,NA,NA,-10.11556,5.77339,-2.1425,50,5.43179,5.6564,-116.62329,-0.02691,-13.72416,24.97904,-24.34104,GRA_CAN,GRA_CAN,BrazellField,TeamExclusive,Team,20251018-BrazellField-Private-1,211abf70-ac69-11f0-aabc-cd59143e66a4,78.15654,NA,NA,8.04519,NA,NA,NA,NA,NA,NA,eda8e3ec-2c6f-440b-800e-e49117f41809,2025-10-18,21:26:36,2025-10-18T21:26:36Z,2025-10-18T21:26:36Z,NA,v3,5310,5310,NA,"Aaron, Parker",10308979,Right,GRA_CAN,513e41d0-3f3c-4ab6-a9e2-cc1129de9a38,55.30465,-117.75399,12.48952,5.40807,1.07491,-12.17052,-2.4126,6.27764,-6.86208,NA,NA,NA,NA,NA,NA,NA,NA,NA,NA,NA,NA,NA,NA,NA,NA,NA,NA,NA,NA,NA,NA,NA,NA,NA,NA,NA,NA,NA,NA,NA,NA,NA,NA,NA,NA,NA,NA,NA,NA,NA,NA,NA,NA,NA,NA,NA,NA,NA,NA,High,High,High,NA,NA,NA,NA,NA,249.513093,3.456995,1802.8476,0.99818,02:15:00,-0.088464,-0.934425,-0.344999,-51.454164,-20.882502,-45.376576,-0.027997,153.85133,-0.897302,-26.137644,0.897302,-0.440529,0.027997,1.787132,-1.604327,0.440529,-0.440529,-153.85133,1.604327,0.027997,26.137644,-1.787132,-0.027997,0.440529,0.897302,-0.897302
